﻿<?xml version="1.0" encoding="utf-8" standalone="no" ?>
<placeable>
    <storeData>
        <name>
            <en>Concrete Divider</en>
            <de>Betontrennwand</de>
            <fr>Diviseur De Béton</fr></name>
        <functions>
            <function>$l10n_function_decoration</function>
        </functions>
        <image>Icon.dds</image>
        <price>500</price>
        <dailyUpkeep>0</dailyUpkeep>
        <lifetime>1000</lifetime>
        <rotation>0</rotation>
        <brand>LIZARD</brand>
        <species>placeable</species>
        <category>Decoration</category>
        <vertexBufferMemoryUsage>6848</vertexBufferMemoryUsage>
        <indexBufferMemoryUsage>840</indexBufferMemoryUsage>
        <textureMemoryUsage>1398256</textureMemoryUsage>
        <instanceVertexBufferMemoryUsage>0</instanceVertexBufferMemoryUsage>
        <instanceIndexBufferMemoryUsage>0</instanceIndexBufferMemoryUsage>
    </storeData>
    <placeableType>placeable</placeableType>
    <filename>Concrete Block.i3d</filename>
    <placement testSizeX="2" testSizeZ="2" sizeX="2" sizeZ="2" useRandomYRotation="false" useManualYRotation="true"/>
    <clearAreas>
        <clearArea startNode="1|0" widthNode="1|1" heightNode="1|2"/>
    </clearAreas>
    <tipOcclusionUpdateArea sizeX="5" sizeZ="5"/>
</placeable>
